rodilla_derecha,rodilla_izquierda,tobillo_derecho,tobillo_izquierdo,cadera_derecha,cadera_izquierda,codo_derecho,codo_izquierdo,muñeca_derecha,muñeca_izquierda,hombro_derecho,hombro_izquierdo,frame
152.43153654119956,140.5670530925517,65.80074385999934,68.57777297308826,149.66939197150157,130.1351830405885,94.78886315071468,96.01316018159775,166.4720715583221,88.53314540789187,51.833641242998304,77.80483350525638,0
131.27914084103574,144.5456194323308,73.59250736431792,50.8688691014085,135.38476307266515,131.94628992147457,94.98338606138294,103.29601820512636,161.6119290339096,101.42838373424875,39.42476010131066,80.11990572842583,1
132.59291103254483,140.37924683081033,83.79019102316718,49.76633475585326,130.1739439121432,126.29867634878823,97.1826470542685,105.26963907109966,160.59372462483248,106.45415151673043,29.990284510962745,77.72783599862984,2
124.64359268537741,137.06373839593994,80.12746361196254,47.003583362249614,126.66483442415634,122.33006025097775,95.79180031951672,102.33441193769897,165.21897237269496,102.45494043171196,26.05677617346887,78.81719923645723,3
127.0466008174523,87.34156696237297,56.620492874842455,70.94718624506157,148.7266694503317,119.47862064822463,97.75973130934206,100.34738100424855,166.5181407856606,111.41782811188092,19.189942765697072,76.34633227020709,4
133.17400700163506,112.46542837632605,71.58813978873056,53.9673287057678,154.47025215953366,128.25992746763723,93.06700593014651,93.55961525331274,163.80356434259656,99.74371145717576,23.777580282349028,76.81613026461291,5
139.08621488100562,124.64252183951011,78.07331064986222,66.41100175383013,159.1209756195945,128.59270580552212,90.80721765720916,94.24030445798083,164.08409842385447,90.57741132672423,27.96803744184885,80.74753414095946,6
137.3661768223194,129.3321934641029,59.04630316523997,62.956551685262355,155.482891085743,133.15216409780336,98.90179355226974,95.17627217597337,159.60953944871613,85.83704289613458,28.005448728725455,81.23643601214744,7
154.8508910482639,84.68869611822593,74.27240393676209,83.06237452603038,169.00936397991262,125.7186628240125,89.97000845246292,106.65195082690245,160.05343108018812,92.31107531260331,27.708653677095583,78.33158587590395,8
155.3072729821707,79.4830736246202,71.66327142635522,96.97400045441388,157.31328330609261,112.95958050824377,90.24534654301729,107.10093047188698,162.16822108485061,89.87107506249832,27.199629907004727,83.97700354519252,9
150.82182390776262,89.00109557661482,65.62306040054506,71.08273563958608,163.45158935265798,124.55974552984651,77.90913506931247,133.05879086193548,162.3820456097287,124.13293918231787,33.938962366644105,97.60177057463785,10
154.80817996927036,91.26576518399106,65.35385576893249,87.65570003332078,161.26567531273278,124.44027408030826,78.50638406017725,136.19364510252686,161.93500489016554,123.86913067667128,32.155393787781044,96.00066570432745,11
160.30368845277943,87.28545092792136,66.0734901597313,84.80547485279358,160.49072478550187,118.33394660843034,72.36530892189822,145.49476700870568,164.18936385550657,130.31547638878286,36.23743124418967,92.73222984254829,12
156.11839732809952,109.6441609270959,60.35986271842378,53.86251926346501,159.09172682266478,140.20585651560717,76.44155142930217,143.3784441660665,164.12463915150965,124.02629471878905,37.68499038964427,96.25803230080155,13
131.18946997621916,147.60369420253477,56.257748614726204,46.22530607451853,160.35908943157617,153.7441220489882,79.17616693591081,155.9924799050621,159.75220299823565,138.71550336936548,36.43621296760104,92.85602112312945,14
156.65980534133658,143.81088062525802,55.68843267665025,53.23242379031511,159.05244680867486,146.3630033405907,78.92505870359734,158.7993817068107,158.8752086504412,136.90815094964324,40.70525929364746,85.40893497554067,15
161.17047312294326,146.81308481034475,59.10607963318095,68.23463992357544,146.40022604182818,140.24423555776835,81.24718962615911,157.3498460905974,161.10385479308482,129.26553643529624,45.71615740567248,79.70975425628102,16
165.65414893361842,157.0892337850309,61.727962805895494,75.35410783528702,134.24728191054456,144.40321856258686,83.52961490328144,156.714817109309,159.2627608166205,123.16131889834132,48.116130113209245,77.55154827216985,17
167.3483136560217,157.43086614286767,60.80177651221671,75.76504799057612,130.51654650601157,142.02070035738797,83.08248148071102,159.84467142767315,161.04403730846008,125.27673150424616,50.92987588050109,77.53053261830819,18
165.37244626288071,154.05313324296975,59.468227983982544,74.45787908911429,131.6673289549129,140.45545919256384,78.08994140086389,160.91986555464538,161.2782189440953,120.58996994357217,47.93360451840383,79.571611338918,19
154.01740946505984,148.34672899437513,64.12019535880785,76.70083241402179,138.88843611481317,135.02128154484387,78.72254327070243,153.68387090686576,158.88229911945663,111.47839311872578,46.684940254831396,74.711399384352,20
138.2297339789962,145.93702003148047,75.26091112077803,72.79868104149935,148.13725373035447,139.12786335838732,81.38795837012094,146.41120150622922,166.0034547538289,103.54751058412765,48.662373833489205,73.5679538948969,21
125.59343242002747,145.0166773763285,83.55180153982025,68.11413426708398,151.22171044179333,143.18909614651164,78.42672122214928,152.7792993997201,167.70959101388627,112.31326706951258,48.9301102971638,75.65106504645824,22
123.28482785923154,154.28213252246218,67.95043156010215,61.038062682844725,162.1375774109016,153.14878876251055,94.86539582631886,140.6349544878619,165.1154117978938,92.0790533797819,23.827695684643317,67.06287183185276,23
108.77553688145566,147.39555182254708,62.4070063706842,51.625898375207605,158.8859225864604,146.20995175499243,98.55248315517332,120.85136575681916,164.63251549179532,67.75871051072717,6.333533793504268,72.75828529161925,24
90.14873911611897,132.61553782403075,58.791726596024255,48.22232984239408,145.90370101754306,143.06637141390075,84.70628611534183,120.56435470593128,178.09038058459123,82.17836530264594,18.98083489949529,76.9629340403392,25
81.08517577789202,131.7632771299638,51.94666808726066,45.78045045299826,132.1351968936867,132.56184012742634,94.27336458661509,122.87985654157046,162.41919019750813,84.16053901285099,17.062203828704952,78.13993481958559,26
88.40598529359747,133.7244487473156,55.28180182582273,48.295488246667055,141.15464824962513,137.13467041354502,104.87343342647547,110.57817371186631,152.8507567256587,82.21065934898147,27.255187968064,77.06648540263062,27
128.87813626831786,97.59127444424682,73.33961509401821,56.724324031205114,149.83640934499633,129.56864778811857,100.66460639284121,111.89655619037038,149.42367253426468,96.40340653749386,48.692413329036825,77.26720439979168,28
114.04128998725747,132.08182424095847,68.06944266176927,51.849415296776655,134.63666347344474,129.63595117001998,99.42257463569773,105.57389906764529,153.97333675130747,106.47825836529772,41.58648205642592,91.69080473865111,29
155.1976435149602,145.0797922792693,68.11617324425715,67.64280966305576,146.17326300431893,132.6273590955882,100.5001553033361,102.69891004604153,165.65799768984445,110.97323426159595,47.77714226971966,91.61250572490782,30
156.07116806696476,147.1873699340408,61.11982675909506,63.83461554518215,136.40502624292344,135.1672906078514,98.76544317319988,101.06873999752248,167.50657088355246,115.28942568087737,53.93115518864976,90.18277296687413,31
135.54347946647914,149.14843658907915,76.00061883142617,42.51630136784186,139.78519238541938,137.14817902818675,93.0746788685239,100.34394605032152,167.3766251079609,118.92615046894416,44.0863952277855,91.88456906856557,32
125.92800454505415,143.6651072694118,73.40161952337425,40.544090618970145,135.5028853943071,130.34836052535812,93.99408897911127,96.4816129347316,164.08508485396246,114.20784238105419,37.02728672994672,90.69287290521149,33
142.14422603493063,126.12359508390233,55.06589730125767,57.802855774458436,149.5991739921785,129.41165510837246,100.40300450399525,91.67370505473403,168.59058878530246,115.15556261658848,43.175194674821434,81.60335113947863,34
137.1154384413985,126.06283074575829,66.4617944318897,68.81183580533832,147.9785540825048,130.33166284977668,104.25518233174783,92.45841141058101,166.04321731753302,111.00172712317355,44.88953204200461,76.16612600468939,35
132.90877426878222,128.980854562489,79.62862037371744,72.20858729474187,145.7258840669334,132.65825451952887,101.90311119010312,92.64277424595745,164.29992199262938,101.80341834560099,40.092477700717644,74.37248035892343,36
141.75752430993234,100.33853540558097,66.15286334996003,59.51441781285413,159.0848599537582,131.1869433019062,93.68928137305052,99.24582569607846,160.8107226202809,85.54054069584676,28.754699994438358,74.84101549159189,37
157.05353480530547,83.3081147409009,72.76690678394108,78.44742233201912,159.77992825067284,119.6221035006817,95.49711638887813,107.04655986720608,162.5398018981063,78.94220106641139,23.038826938766437,76.1283589655435,38
152.23103532708623,93.31904176344592,66.96223228586656,89.12617786595213,154.165205343403,127.8854163146406,96.07807504938681,109.44021293990946,169.69009373349067,78.14837678340724,21.547471085352218,76.25183213028707,39
150.06692864833758,97.45396526685839,66.54057980845377,86.76630159152265,154.12193159650985,127.94566366728957,91.15666680964706,117.7113646279246,167.5476295075386,88.61816758956638,24.256808176886224,81.91380891967398,40
154.02027701838455,91.19775545086401,68.71884039347198,98.74343262859864,155.3190932740997,118.8631317442947,82.46327282007938,136.06392902074015,164.87851546542387,107.11999071871158,39.13307859246975,85.93806904109671,41
152.11125808479474,117.86337758692197,66.28318965770107,63.88440476063593,152.7814660146226,142.98162366994453,76.09120874116694,128.5831498792726,166.95186278130893,101.33355161909125,44.20221016004756,88.02959330170596,42
87.69257676512917,140.61416628304792,56.19879938879264,41.600446274714784,144.0837906678726,145.0104528095629,68.00089266808006,128.43491650193468,166.57635602408254,97.03763946881799,49.48826601255902,84.25282226161666,43
100.4359318922645,136.70674562498607,68.6610991579998,55.16957275121658,141.43895286068204,124.78067562409277,66.91830710718398,150.37025919450207,164.87285098055708,118.79887554371157,58.92778395856718,78.21044553314316,44
155.72954470687426,138.16104284500773,76.59579077574269,68.71682748530233,157.8349254177784,137.4050633464842,66.78544128671746,147.89115923754295,168.8791822133328,101.45254309164682,66.62065411568331,65.18178271025013,45
158.47001707836782,147.57467629957932,70.9749792326025,78.64161011077809,144.2637865703625,138.42743136104065,67.98924396453407,144.18840048860247,171.28506330118498,95.88517856422479,64.76340712430658,61.24840269549474,46
153.3155175662765,155.79918258762143,65.13606499797896,83.37066568161266,143.00191307944203,143.85024630757263,69.33397310944807,144.07162496271746,168.67396504297284,98.29597022331738,63.395105592588756,64.28425888650844,47
153.59692163209075,152.91642176625436,63.38464160495989,83.14915401493232,140.57731456685926,142.92816037098865,70.5453770069794,140.99149279913777,169.50019609249097,94.05937936451166,62.325122366690366,62.89443701158196,48
148.16550189736842,147.67677795947955,63.45883472675297,77.14058896661493,141.29723222235964,142.1901546606265,73.31392850669562,137.10647213250198,167.98833867830194,94.8329239183977,60.819081486460874,68.04405617747409,49
139.06204141180595,146.5105672722273,70.44117109145304,71.61352882562582,144.21071668561586,144.14250361558427,87.64606609900022,121.25213064402313,165.39236676461596,86.80666618087663,51.907723224372894,76.37261907334788,50
127.40052310506921,148.63404776074694,80.86980726142524,69.91577709564918,161.2307807691756,142.3067914441716,100.9243470204656,120.30171170836493,164.79272997843978,79.43230654129786,31.822833972612283,71.39269128782192,51
104.07543608319219,150.21949527103592,83.34484324343359,67.65525282077868,158.86501696438762,147.4759655496186,97.44657172221731,112.48805180022951,166.6054740444553,75.50493775993732,32.91428912198059,71.87587801923283,52
103.26682196540526,145.5846969114223,86.79702461905447,60.74162514447221,155.00868381553113,149.85349681867856,98.47475133058988,117.3573796178063,168.26686830120548,85.90151789412252,30.75988137487478,74.32745880367722,53
128.3341263156391,136.3768975815491,59.790890304486204,59.27732509571199,149.9210831828964,153.31053725548315,107.17748215521459,131.4647299498635,159.97689011388536,106.94036463205401,38.808620450713164,79.36604355492095,54
135.22629814415197,130.6377253373564,61.097077920915474,56.13592818879665,151.87454201161404,155.25416612791597,114.6591264172798,133.1488984014627,152.72261111037938,119.05062637068235,43.79072634811078,81.46120616131799,55
137.41230103410243,135.56684650771945,63.47963944346073,51.612165798162415,145.83652507787008,162.2167766374759,113.3533264894942,138.45225661877814,159.8315669646608,140.17989838180026,50.742670222985794,78.04890175140842,56
143.5447335673673,130.38141094366287,65.09711122375913,55.80484865410595,143.158418029136,150.44897415299604,106.21430324391791,132.1726996047264,161.64616897222078,128.17672028242828,60.639035448942806,78.66490137798401,57
158.88704136573972,139.9745471532642,63.494473425337354,57.66245665504815,129.55664680860542,145.34857577178283,103.38885439654214,128.93687227609718,168.27171912630808,133.24281116942825,68.9575918588481,81.29311105364702,58
163.23633942296158,153.878187068707,64.66926830975528,62.323931895868824,129.19910163585664,144.53535075414345,103.81319007043747,122.22413508047856,169.0373533232994,133.1283392727866,71.24879121343571,82.54808631428288,59
163.84274931839013,159.79134171711084,64.10249583584697,66.9508128393153,129.58490250802086,143.82933929854482,102.66045616050604,119.36899525142358,170.9932386973425,133.71399007458152,68.21411254806826,85.66654509756283,60
161.5072612574624,158.5788466274989,59.907811476822715,68.48795533519427,125.72053534455645,142.02059216161123,101.26497774619739,115.16055334721567,175.05984498331836,133.57354901981893,68.95299571733477,87.00779695572663,61
160.5259261905587,154.4223975015067,58.619464067333574,71.05735709451729,125.75145147502691,139.17872898382836,100.1135181162161,112.19041601502981,172.07543371268335,132.24106420332208,68.95130175650854,87.5949220890734,62
155.68677181875813,145.58274621067702,56.313019085341764,68.87915011608503,128.12687265825906,136.017860181193,100.0511686514091,109.31620437027995,166.22570857347733,128.9622170598271,67.0141444872505,87.78782739404889,63
150.7215658371334,142.34384583691642,57.17419815818501,68.36783192128203,122.98600694333814,137.0182860512267,101.1621343272548,101.91353985476363,172.69082766862294,122.6775891542896,58.75053564283929,87.59366193905431,64
139.7649732073026,141.8675933973289,62.2769694380993,68.14760715128193,130.58021500451588,137.4175791647137,99.7990943742041,90.71035868248084,171.12432889075833,103.01393387524281,51.70373869633065,84.39084306280003,65
134.21806424595113,156.17021089088973,70.21027780839096,55.58183738104673,145.36679347393422,147.17463578260424,90.51456720328855,91.33548970092663,168.45242837984492,85.57520311405364,37.04302710277549,79.18468605524943,66
109.72043570345878,152.92548493996503,68.28869747768529,62.89901941466187,147.99912601842914,150.1097491091003,93.73346015219438,85.77887758917771,163.12025261917142,74.62177975208726,36.71172636312403,81.52170243989515,67
104.47732323568131,146.70561510600496,79.83576672092609,61.12851109339067,154.13089898997777,150.24394628917332,101.18188929849437,96.15783251769773,164.9046565762927,71.55548632894613,23.03740425380623,76.49458070435335,68
140.7720753620135,103.19922451132405,63.430216486689254,72.80019479503802,145.0233505079985,138.0973334420489,87.83826690669187,110.27662300418334,172.67293513865164,88.69196758841909,34.91463369669026,83.87305845188746,69
144.35589767875615,102.77728738196961,62.41702041088849,81.54823834252791,146.40023147945087,132.7302626450409,72.34299906912754,137.10812782961113,167.10998785108725,118.68195147449943,55.53936362079363,91.54094093502178,70
147.63749667606376,101.10598314922794,64.54207387097887,102.78656895849211,136.38319252452018,130.2002946442811,70.76943870027003,127.42694771098995,167.92738286267235,111.44945001998278,70.06968536419865,94.07822196621399,71
104.14814544642552,117.96725505809434,56.24831547845548,66.3847580567683,152.50325292134778,137.29366239529898,70.98167414942495,145.63618752121238,170.1070295469865,122.01897052110863,66.35754409738695,86.0186070435837,72
88.74045096761817,128.52560628891646,55.5028743761935,52.03195965294309,147.66688834999428,137.47784992904909,69.86377999468858,156.6501746809122,168.43123204066544,129.0563963732575,68.37388802665421,83.01833593902067,73
132.6913247042759,127.7783270845491,81.95200432671831,64.5841270776201,151.87312931092598,125.76276298438295,67.2814350047614,163.2898500011931,167.00656491507905,132.52936219036027,74.75215146753376,77.31300962178335,74
161.9656330804696,127.59083424922434,78.9193215746073,71.7226247113262,148.54572015362058,121.79821357217595,66.22768108546182,158.3406508133581,171.57802932966237,122.01459435918201,78.9522001342593,71.41912022416582,75
161.8302252292111,142.83738089381066,73.10445673900175,74.24475153168383,141.26938123904407,128.74902770784146,65.41190835743988,158.77955677687774,171.90445441912132,123.09309909000383,76.80622033903411,72.92365889171424,76
162.74343013236597,148.75312169919238,72.0487642247724,78.67842745221705,140.28296480398762,131.02457057554255,63.474042823318165,152.47199306083476,174.90975554044482,116.96523215605137,76.96303724857334,73.55910070446,77
165.79699419326047,153.17978047993998,77.09972762155148,77.3112097940871,141.52586517237998,136.31839515277153,61.83401757785016,147.48909792057015,174.38234973385872,110.36180251975777,76.51089713391299,69.84159741665225,78
156.62871804520816,149.58477585541533,73.7232620803704,77.78630594620935,141.46650827978024,144.3823810585459,73.28862419716332,146.8706096287184,173.9424891229099,110.34788653420726,69.58819115846873,67.87919710983242,79
146.92600262015551,144.43624397125373,75.71345812683269,70.86349838527464,153.99742859804132,141.00959702215795,90.72040515121529,138.93307288074396,160.98692842458456,90.18255790739282,39.74641857146718,70.60151233469699,80
130.87896068031176,155.10120454417958,71.88698137339571,72.59360290776792,166.79331625811813,139.2665277266624,102.97699782230313,128.78940173268225,158.4421685409668,85.22750265285022,31.426605553296273,70.47167930009299,81
114.19577555897091,148.46986257243393,77.51397304082492,65.88779490652527,165.73607843447246,142.9504033374465,104.83455747513855,120.74452375078394,166.16152214670166,83.28737964772262,27.52756315902808,72.54921588953157,82
100.4369534385668,142.61533092501804,82.38820428061072,56.375688067026715,159.9163803422096,144.69325987954159,106.78458587363671,118.33717238998759,168.11143155023206,82.90746080326366,26.22815161407946,73.18686072163901,83
104.87283191825257,142.908027538493,67.99758644201455,50.54215430986953,159.93674338856113,151.75309181998588,98.58864570094701,130.81262602195685,161.66268969858012,100.73337184116079,38.139441234713956,74.5864967272581,84
131.10782594669638,135.37653939699484,56.71070731788743,52.92930277778539,154.61349470994256,155.2386977232447,105.6498327269978,133.43786032925772,168.57546929998313,117.48492915366813,40.83495381262731,77.87966276406992,85
141.3275691417794,128.14442643661138,60.43260254097491,56.105132020817386,151.88465014855834,150.89986355589485,111.16532616358768,129.26632711858193,171.42880206237018,113.04805916618187,44.59700561148701,77.411136856844,86
141.9159811772575,128.76483573298677,55.51678488452752,57.86594878489718,139.73608875336012,146.48942731010308,108.27045104025856,121.2833601383961,168.7213228936133,116.2139692167311,56.860209611689086,80.9254189433755,87
142.11869844382272,138.8124764987116,53.601392979434536,49.858928757199216,130.78921202038043,144.94141996163532,100.03199186647572,120.87353310159034,170.24745486502403,127.12327539917534,67.33038510656843,89.24747652153398,88
159.92382529179943,149.7150551337397,59.38253250763996,58.28807670496626,126.75088179113048,140.55040774443236,103.45321220080564,107.41198425110576,169.21776084943,120.2552482791333,69.21460052722999,89.68005450905004,89
167.0309420232616,159.44175548962363,64.9219342062351,71.4520441843022,122.13240333002524,138.23695060384802,108.51224656506912,111.8427905436314,171.778864594604,133.70223212299857,72.50281047886628,88.05704843964192,90
166.46615715199945,158.65532099579818,66.45822883388594,72.77629486456613,118.73906233268546,136.33842985981337,106.82190948486878,127.11910092378626,174.0595139933695,156.4507908009323,77.5823352653146,88.65627623033996,91
161.16619584488163,154.03465189351243,63.02277969802209,71.28920780807663,122.32808815434613,135.7874544727279,102.69161053152034,122.76057245348309,170.69932004652006,151.95726019205352,74.91300557820608,91.1001265165121,92
132.99679191420378,120.2884878111324,55.407876820358254,49.52392814381097,137.44839998134225,137.07965491178737,92.90491687585393,113.81663454683874,172.7746043793729,130.67615142669555,73.8815735761612,92.17896079884825,93
133.02944500032297,134.7721574724792,63.50706460507572,60.8520201675269,143.75838660034893,134.30244398023183,93.68840587946083,92.3859280913784,175.07084510058922,119.66605124404612,62.52985158486103,90.9176473416673,94
124.84638123451508,130.8861894996067,71.24863141903994,60.643966307008014,154.58764103968602,133.85633956135877,97.02778426162249,86.91498508551173,171.00282284502137,113.26116238328547,49.16834721522794,86.53018576364668,95
106.4411275105094,123.23766992863418,66.05700965778861,52.716225736622,158.05666463985102,145.1401916421993,101.22653640891119,97.24524610947556,169.49730588386416,115.60236818758383,36.75014829760763,80.08914408870532,96
135.6052703410228,111.37968651517699,70.52785039095393,62.6136604680921,149.4648438152897,144.04461038957916,83.82794880867195,94.69125892580897,161.1836134730374,85.15437532216585,39.336786969501155,76.68143542312735,97
105.64162687105399,119.6478112749169,80.83141250396842,44.64775527618878,149.57291278742602,143.95376523693153,93.00506195884522,86.9214590045224,162.99646549794159,74.2279625946971,32.55109950353025,81.29513346890904,98
128.5118156410486,107.07223436910144,65.22803930944497,68.26841476938051,146.30543377741284,138.62797072090999,92.51491577789402,89.43756901133253,159.89613889940736,72.01794689832836,35.216893139337664,88.3156673660199,99
135.92665406250546,100.5820559216836,69.46338475828904,130.08413951456495,130.72126001730936,126.28829058387647,83.01311886846871,109.89009941258888,155.83424435016968,92.66539232942301,68.1836194659551,88.69734229336986,100
133.97880450436574,103.89181042252928,71.94295675905792,82.92382364272142,128.5513605352368,127.13012588735602,72.65213004066615,126.63271045910143,161.81274385477425,102.64629881473384,64.4833571471265,80.6977109566412,101
141.5416184263167,112.88260309258494,68.660142899008,70.65063350956973,133.16117057995228,133.6925092303254,69.97107430883584,147.60147269671137,163.32202643475335,117.13620573569267,63.70677203710079,83.42256407691798,102
153.141914478532,124.30109217276076,76.31460022367926,66.32569958243577,152.53570481677883,137.36161915697664,68.70258551834641,143.12222477624553,164.3089347904396,102.13932964182561,68.12830438006914,73.82197638781298,103
165.37500133359677,131.2429489646633,81.87752116377666,72.58196499093228,149.43344189400491,132.91463574249866,62.274880816302705,143.5790854809624,171.36543544250532,102.15885181725015,70.56314172509848,69.3956712092521,104
170.68436374923047,141.39300161010325,85.26573381987686,71.17124610405617,145.29864492114183,131.63734966439992,62.144075941429904,139.26296055262512,172.0249569415485,102.22630026872653,73.26104345338551,74.09652280745003,105
170.2643786902691,145.2720003524276,84.24001352007197,71.08745374529774,142.03616431450794,130.4908814087333,65.48391642714977,133.75954921019306,172.15092991545785,97.59756765671311,72.73241097890015,75.97592047986417,106
165.3454653725441,147.26267008285893,82.2195128415212,72.01120083785031,141.72309535084966,133.50096936322961,66.79184808783896,128.05632672530322,171.26415892598678,91.64862729989107,73.12053075624367,71.74521023963214,107
157.70826370677503,143.46951847534544,79.55883412672789,68.94613085862714,138.85483165103855,130.53982328829372,67.49814413204528,108.65053911602524,162.63798440077724,73.02816114459723,66.27625970561778,70.35047106560751,108
148.72178952843979,140.93794743582217,86.97273627270457,66.26136256851697,144.02185509848346,133.19316852684312,72.58059548012493,93.45478454859412,154.2370095342144,70.89372142088536,59.04210209826668,72.39557643901365,109
129.07526354586682,148.58193362553757,84.62503525707045,67.2320767729265,144.8196569412822,143.1859480594102,75.68162752772784,91.85036418697516,151.8068136570463,56.37044555435017,58.528686109177904,67.65467675853625,110
114.96601888321754,154.36958590560752,88.10420046585281,59.03197117195496,154.49080633744546,156.82524594442475,92.11369718815222,104.16026612322581,152.46124917651971,73.36527164032864,55.07378006184949,69.7469738066218,111
108.05625127777256,156.00129255497225,73.98862971709468,55.575497086503134,146.8765484610272,162.23872149995736,121.42099383960935,117.44696578081802,147.61508415363758,109.92579083590947,59.533316948060786,76.89998763861998,112
114.17058843859118,155.11703006784836,65.07831237930708,51.92318875339212,152.94717043442824,162.14924750328254,132.07330150036265,117.2397625554211,131.0375174366913,114.96738854054057,55.331987718758256,82.02151918098355,113
123.23163374532265,153.51691763914025,59.830141893592796,49.7334995903783,156.66606967887873,163.40817193310357,128.01720512224674,119.36337374211028,143.34072609696872,105.20696435957278,53.96828929671097,77.98155838715047,114
122.64546955601946,144.86562465581417,59.946042111277144,51.14610909022649,162.2716560414479,158.37830439722347,130.6799432683858,121.25333285623512,172.44731089928496,119.57159280269896,50.459443017534625,73.17984432962149,115
111.94325680289232,152.8914629524563,58.04505690430624,52.85989217148398,151.45347137894208,154.97147624646345,127.84448871481196,119.04382631606484,166.07292671393662,91.66224235381414,49.12985189118268,62.81694465226193,116
120.43282031865998,157.62907591059232,56.71932179435811,46.82404376177705,152.69358383807716,158.86444610473347,121.24959062488777,113.4812443674776,152.37009143938442,80.97915322205264,53.210105124848255,62.735513781615175,117
137.17632005095038,158.5449221126857,70.24812934556533,48.95041766898296,149.77868830854968,161.84263357515374,137.26448455352934,120.90330198748448,149.71730171860742,89.15999086113038,57.17984784294647,41.81782665911482,118
150.96669892973324,161.13026065059825,74.95938039100305,53.9011894582823,131.3971175310473,172.67572861900854,133.21527768257204,112.67287892598955,157.48628008809726,96.60924782923315,71.27033563833244,34.11629259153265,119
151.9822475705091,157.6739393660544,69.07815659354456,60.83748715216804,118.7192743007906,153.2038277226017,124.90339088914496,107.40771257175238,153.51220153084503,96.58276189809473,76.21248813661666,46.29019072720454,120
154.85502224082737,154.869396765825,68.58926578585854,63.33782589412309,114.40789170782347,145.96024133158707,114.11009940576226,112.55708756403882,157.89464426626867,110.28713849812382,78.54503191308844,48.082882154466084,121
150.33755882395639,149.3389758901529,71.21088377828004,57.4125402380546,120.17037136885206,146.64798180679327,107.15510308760567,103.1145193378028,161.1934579798799,114.99948418424376,71.495304287232,66.0340905515658,122
140.3325565661334,145.77296904742587,68.06058639554752,65.85805934414456,144.12111723755,151.0034042896309,109.71386584157767,97.55495763761729,169.27317969980894,105.00084223042893,66.27572304041264,67.16102044461506,123
123.61181677344098,155.15005644265955,63.72998742330598,65.53927873169354,154.85039204327595,149.7976973435706,102.23997082355997,90.28645491845704,173.54456302602142,113.53711266566646,59.27568220116363,79.34612260552065,124
111.62026321882294,156.52692794428341,76.6747779966091,62.166479307352596,155.55969198074203,152.04465204404246,98.81191595695539,93.44480773639128,171.53545588520316,107.0230075980289,52.646367266366745,74.11053111503726,125
141.66440550761038,117.08231434341897,70.01707124771809,49.93307563876975,156.80810943892646,153.2046233021309,98.77720126418512,105.471368134654,168.43499833273614,91.22012862923816,38.370758317084615,65.53832083541545,126
145.48529941662153,114.36209582708021,75.24824609280795,85.87691094920415,133.4743917815068,156.23722138913703,99.13350553118262,103.61764249034081,118.40254928194999,89.05248323076222,64.76869414873325,52.33429758349699,127
140.4574124640835,117.82523739377953,72.14462205147841,72.38820114477976,136.61842837033265,154.29071206270493,121.97668529005091,88.47777317849953,100.07908906434376,83.20645342280476,62.21565490265077,84.6420678698448,128
140.93480977005893,107.8863015545736,73.30238535769487,73.52602792610813,137.91401975352926,137.70793794318914,77.6395343466094,102.57685871616694,162.83874395551743,90.30361226480981,57.16320789722654,85.50976685450904,129
144.5530475606196,104.98060500731806,78.23921514647773,108.99243547701195,134.4311033104153,132.13341309641004,71.75231163849668,93.59609624697642,166.2767132483505,83.490048269692,73.60142104903252,92.28022183223044,130
131.77307294163913,116.42093454924537,68.05161124986037,67.05440480983488,138.97935322798148,134.84649640830395,74.54685856826853,137.848278163388,162.39208933552067,113.40582814430488,70.8904569385822,89.98526888043892,131
137.21277221641415,135.45952922472804,65.38541290651538,58.71648319254203,136.58508419816604,151.19895120263308,88.57327553812007,139.30472262461163,140.7955809600098,118.0904537674733,82.03651082424375,89.58533995286285,132
146.73109087553453,150.75049993532178,68.2844495217485,68.74875964262425,140.5484557304082,154.48213322403024,74.24455152764014,142.32208253490336,153.34195508426527,117.84119890357788,86.65052126845696,82.71430597285033,133
156.67923672326128,154.55560426626388,71.68506997786207,70.94030089766417,140.90154758044633,148.51464503901425,54.90249155602996,162.48369542875255,172.61707207119755,133.97257388434184,83.55724445748254,74.90423003188954,134
158.76063731024607,160.59670434602546,67.80389992179805,71.56004124972567,133.5759113207465,152.7815195453973,63.15461921592321,157.03374123684796,173.59944166545748,120.17573678357951,74.09440633602391,76.08440025679107,135
158.2287355064427,156.00988118525345,72.34323934705235,72.62462905496996,143.32538108112905,152.07539845148372,66.14280956079278,148.05459237170479,170.29393658671992,102.03671152409815,71.52241630610018,69.34090104797069,136
155.57137420375074,152.88498355612035,72.03241743647447,71.68274541199983,146.5265256339172,151.03229401291017,66.3974215316004,144.015243102733,171.5589632090161,101.2710391075333,72.60691350063841,70.2801252313283,137
151.46357360053227,154.3715656076787,67.13754857369594,71.05228128122887,146.83433616744637,152.19117424367963,72.01554185135255,139.1990318729972,169.4319561475452,93.16938300239389,66.15575995465196,68.4266384421325,138
143.8979991706446,159.16927169698533,67.90718162126082,71.39002042158705,151.07173761345385,153.26833877793032,76.5495219790383,140.33729491642274,169.43383928835252,95.68490055726853,64.70142528482062,69.57172453591461,139
135.7266631820511,164.342818215872,66.67043873486368,71.27706447792261,155.9813443236559,154.64329833874868,82.37482362063086,140.38252859417483,166.19087447821343,103.48140087453424,53.35518565459194,77.53743407523359,140
132.75626210060727,160.0395466972732,64.50484718060265,67.82312006522565,160.46222817560064,147.8478948327599,98.57002685842497,124.24461014972458,162.32120232416642,84.28508120932038,25.555203788713538,78.74876019756464,141
128.31946636502752,155.48494292373428,71.185165141128,60.364486446809295,158.97848476839673,149.5051566360485,99.76346566876039,123.73117838446093,162.22753175349885,83.70289995791373,24.7988013756432,75.20095909864096,142
130.35621474958026,154.49038649411025,68.96327479687115,53.394684364471814,150.7992556718065,157.14264490168463,95.39044895831408,120.76046559514863,162.60696617753362,85.03616779913567,25.28811617028688,78.0826809439963,143
133.46133745914545,152.69216019313362,62.69713416649314,53.34233188419789,157.64499521382896,160.86508210204153,94.95247823241439,125.19797153140831,163.4553224804764,101.883767924837,23.191395544335467,82.04149240135908,144
128.39389924999736,142.41233210462917,66.40152594083992,51.20592977613617,151.53359471071835,163.40594429793612,103.45334982798975,129.13744197644823,164.9585133275594,125.15465880704488,28.712086258080163,88.7851927064276,145
126.96821324771994,113.17511075954334,64.32907559935963,58.716219697290185,149.90191838487638,148.3315600635738,122.13757190103178,137.98842812903789,149.11394412847787,155.94620841075022,39.08235307165963,80.53201140880303,146
130.09986220142918,113.12761623754663,65.13923656294065,56.72929756979768,146.87345848472737,143.02774857858523,109.5579559071379,129.14583161507514,154.533919418018,143.63513089852052,48.721720383644566,79.99887288171777,147
148.7430081564487,112.6915521155448,64.04486570669056,71.94836392386813,128.8289264540034,135.38726515649697,91.76888928958824,127.90625766443135,170.19522131762403,144.8898872061045,59.43191241106621,88.82684210094001,148
140.1226492160152,137.22596736489035,52.0324056714462,51.2973440119744,143.68846631391506,145.93093979079262,83.9490124360776,118.28399521059258,174.95247937865813,132.34363288838307,53.31645286895692,93.37633852753822,149
135.93754770337304,147.96552896881505,53.06261965498337,46.73740253517557,151.03449843414626,155.50520921640367,87.49731950659157,111.4816455240564,172.13658078044762,129.34899975225713,34.447639623013096,95.34563103545578,150
143.41322753471036,154.82252033167032,58.59508486070859,57.5953431028022,141.92244646516033,149.89693715994608,84.11698182377023,101.90746444955283,164.1863255032377,122.68272248084183,49.82138090921432,83.63034892468006,151
147.37768483533594,159.87791134807816,60.962789875469554,60.554363399946276,146.50343708950774,149.08293675801977,82.82817481531033,96.69922505574196,174.46699670741296,118.87801529434032,49.64389682848096,89.34397443366943,152
148.2129250530644,158.04170653707098,67.38847878763742,68.87488178194675,151.49589480443925,147.23285309209408,87.92640342907467,96.64845178545674,171.7481789670151,118.89139702943838,46.55046015851223,83.15495736754197,153
139.01639888209243,160.1759568015226,63.33110407497634,67.11374635479328,154.18035001378877,148.14937758206577,82.82896406889515,96.42669220230073,164.81780458344974,112.00958597775407,40.14160821727575,81.83622413477126,154
135.92876839158956,154.09212437768892,63.66170308996773,72.38852731574488,149.34743896935692,139.8436513619882,83.40789486835571,92.3473779401542,166.88875760515378,103.57231110240787,40.938187560888174,86.49604681409359,155
127.4464680923423,148.34521135985116,60.87152388192695,73.46190341480676,150.1728028435556,137.2486218878839,82.85228461361534,90.25864205866007,165.95848588738318,104.6724453220456,41.76888342480875,87.03331978179042,156
149.9655021078372,101.5451321001597,75.04958143023161,56.879814984149974,158.73515104960367,116.85552943055517,81.58415551849643,96.76905235217869,160.4423421969433,103.17344703298434,29.29260903233352,95.35825360166854,157
155.4596042121259,103.51244231055836,77.69214299503243,60.073341014690456,161.9021213758606,118.8032379484071,79.6706145426781,101.01976252644718,160.86142973908218,94.29242842194333,34.3673779091414,98.43967834188582,158
148.10043880521573,103.03658055196212,75.06332439512478,55.11826685991852,163.0955454312653,120.26411900949466,81.67117304463376,123.56640354625999,157.67322684370382,105.53499658569389,34.83264184002583,100.15920530214449,159
132.5757366700757,134.01778224101722,62.7475641168901,66.9886868840616,164.9226031536797,128.02148113234935,71.28738036276827,142.91219081514663,165.1972884692487,109.12177462856917,43.81679250981039,83.90768132679389,160
144.4030317796931,113.20466635181124,72.75022259369574,61.78501153757605,170.76405237813808,119.55930844934711,62.626359530662775,159.56975473156788,162.88104823225623,129.11857385627704,50.691897145681395,78.99473487274389,161
129.34638889145518,103.83513880722712,71.10916445396538,53.228103033263224,154.5271767939013,121.43131321612346,54.38979409120685,148.34785901842943,166.83864888337146,146.89111299241102,58.094541205415,66.65351003934644,162
122.88593787090117,99.42819742765768,62.07019335356731,46.43546956670933,158.84429128099015,124.4877677515639,56.5339718179787,137.00639859302981,165.2260186193681,144.7736204408836,65.93542775600221,46.11393908652246,163
119.80458220645386,111.78060720993062,53.38795610756007,39.87370280931577,134.27797540696525,126.21960313484472,53.30930331980837,102.862272227318,168.76531154351258,153.8817900056978,28.57711203786294,33.45537886193917,164
113.72692419977886,115.42941769328188,49.757862270263615,42.37524486073199,116.27415536282899,120.14175227482676,52.8700771478632,86.90656766933141,167.72762176872862,158.19728006618794,17.448904621350838,27.371538044312782,165
114.13483994695028,111.88445019012929,48.720710410637345,42.19467748064202,114.87755565513226,115.07854950889596,54.26288290484645,77.52281548056307,167.24333138048775,159.7028399037478,16.612877625208444,23.24721423392122,166
108.7826326299282,108.5019143979411,47.0799444085782,41.35178592003375,110.48628952125786,109.73116111044529,53.24673611575381,78.7512141530627,166.44344251059442,163.32684788365813,17.882839389853135,26.977178127136188,167
95.60220377171213,104.31958085717491,45.692409162755574,43.4114198315192,92.38418778095469,99.47546001959925,53.92270209568048,75.04264339316619,166.03673129591667,161.49588196367907,15.75664992258328,25.639491530342926,168
94.17342074620453,101.46945902230333,47.286908452772536,45.58294548872692,92.29385923502575,97.357241378738,60.05192218163447,69.59427123219308,165.23169447676855,165.35803139824512,18.79826613503692,22.362015940423067,169
105.03307099859589,100.96231156560495,50.61149955845305,48.56977624709232,104.45110193931278,100.78200386102228,68.71363884938987,68.79971766174215,166.14233824583667,164.87598250429002,22.53179594249805,19.833685438852378,170
104.70593164036424,107.09698176266126,47.960955873404835,48.034928037154515,113.31435845013628,114.861668860971,75.96662819246323,69.55410932885677,164.70937226359538,165.93599525829305,26.346869745372448,21.087491642750813,171
102.7981119169544,107.70592474651984,46.723897489663145,48.43415811930407,117.76533460875542,120.39199261107669,84.67732144429293,73.2195815079361,163.13581477894317,165.526892004251,28.903608252811384,22.663471748256566,172
102.17412428819627,106.6884112092871,45.674838050972895,46.999537450607605,121.70096906851988,121.88686303789912,84.32896377570171,77.25542652974926,164.73915482674718,162.90338217568424,28.411737917494822,22.878819100648624,173
99.90383108174996,107.12546061012904,45.28815034125463,46.47005484315666,128.04495092135497,138.49077367145833,91.1783091187835,79.56143580600991,167.47184973501632,165.37514133159235,32.25916664738132,31.462892494309965,174
106.89815355725018,117.35842750033089,46.019547902199506,46.38567787122515,130.84540372218552,138.1410740091375,103.76831676119497,76.76365847391942,167.83417085397846,164.42417181494582,43.552224720873944,24.68383142601684,175
110.67958565481177,124.08390096661878,45.51406930417216,44.7880458727181,129.1115810497693,138.44126316624377,101.76542199456743,74.01634800167,168.55306122811973,165.80443604377177,47.46130468667473,19.532109678148487,176
112.55297267633537,123.86224849190575,45.68150580090975,44.21246978732277,134.39067453825155,141.34147290857783,102.14514054219288,75.84186416702777,166.2842935140466,165.92112179910413,45.6454883480636,19.21099059377437,177
114.13543008079603,127.31925047055594,45.02749594508811,45.26788965974213,134.50752215925118,146.02376354341706,103.14871350720415,65.50183069393788,163.48320091046241,168.18961007888296,48.070320804927675,23.507924896864864,178
110.95715196035556,120.9521219409024,41.14216067904728,38.31621746652773,136.21093767211363,144.57248726858236,99.5846735069542,64.69253162867952,166.3148359226791,169.19695191117535,47.98637640905725,19.660411634565374,179
104.60685086453252,110.68713624026242,39.669490005263455,36.09473299565857,132.15395193154092,135.8497787149377,100.69579569223039,60.82732200993045,168.00582491679177,171.16350623063053,53.36509517685989,17.205150016142657,180
86.7533733785664,113.9203794469264,36.17310142941615,38.06289196911356,112.52768985920817,136.86344791564713,121.40274480221642,58.72454510174389,171.05638865249492,172.42417570536068,79.49556982751118,14.3248438806482,181
87.37038652749082,136.836933445765,39.78789265959416,46.73705253218925,113.85517969272263,155.33251368964866,133.79348954235357,62.43187697823137,172.36777007184904,173.26034438522842,92.15151131820357,11.259298171093837,182
68.97879735081389,147.26077702353672,45.725279590079545,46.748911102196686,87.42283996514625,162.35420855504736,142.73531067799198,61.66566861551769,174.91196152856674,173.96991741998585,102.28249168355022,11.990431652784945,183
67.88370683819106,147.60173375960545,51.656683623088185,47.062142032994835,73.8590166014796,161.42613092825218,141.8363330015475,59.98177362192914,173.30268005504735,174.5020570784203,101.15236301243235,15.434430177709496,184
48.371878857344655,131.08924260753994,46.56378488754014,39.84277356890209,62.52510010578489,148.3882498746634,134.11410007060465,58.98033952200355,169.77623289411196,173.17318380724663,91.46064627875384,16.934495894392942,185
69.0106269103997,131.97076412100864,55.601057183631546,41.26496300953788,72.29094971741557,150.00215332613564,141.44129345162094,60.17464925006607,170.67268935021895,172.85766016332798,95.91963386473304,18.90476137606736,186
90.58582192940777,158.43900753872904,70.67179456785402,51.984237188046876,88.8694886604597,168.33223507111202,149.00285133714036,60.07791733571492,168.11424608738025,173.98378681636873,91.5242257968399,31.82707907918428,187
108.46978312509394,160.3713041120287,89.68580050006715,50.61418369477707,91.60531765629976,165.8948474552443,135.2240618084011,61.85199399472884,163.14963487675587,173.92351572211442,70.32591979679755,33.261614667970015,188
121.53128640381767,163.8773453679871,96.3469754436911,47.414643648199224,95.79658148199684,162.46326540340706,132.84935237994526,62.765783212759125,162.16664225750222,173.1816217959259,67.20112441026676,30.5313617990479,189
129.3859396654099,165.99944241506057,100.09443085623616,49.110808029107645,95.84329951220435,165.55570478623724,142.19997978444366,65.57521101704984,162.73309577366263,172.47351212250894,74.00770200087236,25.82189917202302,190
127.5061461509238,165.7999274431694,92.0610885543657,49.674042033846064,96.01512266636797,168.31789231987412,151.08217237502242,66.66627904976984,162.42378088840624,171.2725717001709,86.33785898032619,25.125227722248358,191
134.52771258437681,168.50889191214284,90.02006943970332,47.32212228876974,102.0376850935377,167.14040962816898,153.23191309773077,70.0780260835801,158.9749489023567,168.36398174400506,92.36472348228025,20.84917736283155,192
128.05227221670495,173.08660203669322,68.5153814049528,44.5555922987848,114.5279278775896,166.42615131581283,155.84717570401543,67.45340078490025,162.3081530906014,170.04839762387624,102.78945193609097,15.863746538665874,193
122.18394221792168,172.81087005874238,67.13531448447743,45.85303797191612,111.72158322308391,168.2229995493197,164.4815707109156,66.53859942374942,148.91211498530174,173.28907636689794,98.13688030353745,15.00828054675393,194
115.81711718472793,171.5960996346932,64.2055330588384,46.01347747677998,111.50075785513005,167.3853639944174,159.2424113268891,64.40495310924688,151.29738421446402,174.79936548851214,91.03129525928648,15.455029860361241,195
118.95738586076537,170.57077874466333,60.70706453331206,48.86288537106625,113.23598465930704,165.82956580866949,169.71153665267704,66.49914577739551,139.73782802761926,173.73454741821027,98.01042661798698,12.051205729040179,196
117.59316820820239,168.2984731529026,58.676609470289414,51.00240740415827,114.51480599575677,165.65209837989823,162.88420613725586,65.22470101928815,146.65966033797713,172.56351467422482,94.7561258270998,12.047428112847742,197
119.92466722203824,156.08267642139327,57.355034730437396,80.07230724619708,120.5646252801913,164.34999386192848,159.39698253523278,72.30811460140625,129.79232528036218,171.26504691611126,98.88958172176096,11.558922479436019,198
126.6064157199698,150.17208340735576,50.790623905037755,61.555285748647215,126.18236822767885,168.52427470741424,140.90096915032063,73.83946772113877,120.22449280724254,169.09959593324615,103.06396902893643,6.4271288843807675,199
139.00690319770015,151.0198821714881,50.35516058951123,56.73775736943182,137.6078311934556,171.53603014386331,131.45351631577793,79.89034669209946,117.54795173507217,169.169982141343,102.01862592426234,9.71086475369455,200
142.25248715730248,155.6268479507375,45.952646874850615,53.96491790038607,146.04809339318857,168.13326709088605,127.54233017754872,81.32696177618007,118.26626924340698,167.89019546730302,103.68464818804007,11.1869021212152,201
139.60505166759847,140.9348513392288,40.34159981271036,48.914095245534384,142.72895746363,170.53812593914063,126.01501684644238,77.01533191651902,119.6131246059775,171.03282529219146,101.16723054993419,11.61784513331793,202
150.11465955631928,137.2173532789464,41.126004552157156,37.97962132127233,149.14480982381428,164.83509839472433,129.09879540845148,69.49846648086714,126.08443461889131,175.5143173733995,97.60335618988874,16.230621524542446,203
148.0064359798533,113.17814787628956,46.1934083108052,45.03289870894864,144.2113787408119,143.1454225515588,112.45172574138077,71.40134316326304,112.31335110321983,173.94763346952885,97.07141501007409,21.25801613803857,204
142.61725070895213,93.05973573400432,54.040097596182626,53.71197521191675,122.53879661419735,118.88396038871225,107.39570027099502,70.4996454730755,111.79692494382886,173.56624749317854,94.7836884860186,25.863321963905914,205
136.72786083941122,104.26275833921525,56.666153826117096,61.981608047247235,110.70332746388823,122.44846483348542,110.82082835243402,72.69596208128708,114.9041158408587,171.7271933470044,95.43411767077893,25.40920059774028,206
137.32013141224903,111.043665369527,59.0177302380129,72.03649822068155,108.13774837072599,121.2368535342229,106.88492790653889,73.85820130042062,111.19756757830383,172.1198433654537,94.55256985267715,28.264667791685035,207
133.7494394739126,120.77582631815163,44.946429311139156,64.15824398398256,118.99312304105372,132.2522936385856,105.17435064394306,76.36515958467278,108.94847053178577,173.0952346232177,95.30416038386709,21.393531897807915,208
132.11714287542932,125.1691245124319,44.31382739966248,63.21009006915292,116.84982838975343,133.55082593784937,104.81527723573548,75.43871164154639,107.35299367690398,171.085524715045,95.32660183342344,21.564353397656554,209
128.6670773510985,124.0890247589796,41.978104880667395,60.33461471500468,114.46481595941357,135.07631663763493,112.41583878429373,73.71312939940559,109.69532253052697,167.57536921590597,89.9385520012357,24.661924803346007,210
123.82205299683586,108.41662420186265,43.040575876335765,67.89635458927924,113.52500608272462,114.71393855007798,120.02796641886222,66.12025340411253,113.83786903705415,171.0690178636052,86.62532307497212,26.723932882844455,211
116.88931391438554,106.76224581675787,42.72011240853501,62.87176933233267,115.19964223825681,120.3502315924614,127.7102848282827,65.81080792680744,127.2726126820423,174.26350574004812,84.63238494437383,26.29401506608517,212
107.77226207756857,101.09307336889782,46.9216834113047,59.414625882212384,118.69024796544099,120.3169399398117,133.66695278960222,66.07936152318594,132.00427805204293,173.4643253481672,86.41954386875373,28.171492529120613,213
100.472653400571,92.20643939100535,46.75657389968741,52.696610581593355,120.50306467659743,122.66256150717459,131.93528413753523,71.53031303921198,125.7003931520471,171.2361555007976,95.25923251465612,26.964516504121214,214
91.21036865410818,89.48683863933161,49.17014565989655,50.645172035800016,116.22471074323285,126.49486182827573,129.49707379554746,72.85712511060477,122.38690558309045,170.1276649567715,98.90466521816855,26.912756706015784,215
82.25430051882996,114.61707076377397,55.76356302005427,52.579245523168815,108.17159394960535,148.94104999714327,137.02817932021017,76.79892881744426,121.8307249671004,170.59516462091602,101.7462614852155,22.20214169185145,216
90.64568652226914,149.1387467002448,53.546432534069396,51.8660052384283,115.08612642538401,170.68656721125146,157.93139045661252,76.88309057882664,140.571047792524,165.82939817931816,110.09952527535728,10.65141042671171,217
91.60866155173406,157.33274613345375,70.97407403784398,58.31524174298594,115.81659796475107,174.75004230987025,166.94787378957446,76.6077308039908,147.77918061253595,164.90142418325857,109.48032097571227,11.013864418296226,218
97.44939290093542,159.54804380102507,65.00307393815852,59.59474912892531,120.69649253572533,174.82802339229522,165.60727353582783,73.10789711331023,150.28831489336181,167.29112051937793,87.21018935235927,18.28480712357446,219
108.50913624270373,164.91082463138463,67.11850746809888,57.77662212369331,110.85317092114789,173.4032155611824,179.11464490079803,75.54582680956818,138.3674615058499,168.45110356024546,90.51902516682658,16.366198153772086,220
119.81979690030693,169.92753917159365,79.29030608687607,54.541292338045835,100.55207936679608,169.0546536527629,172.5289291795129,74.16810701233686,145.14138273099002,167.0796898910269,88.81943015182163,18.297993108744492,221
129.7796055521379,173.58930860910542,84.54673930477773,52.93932623499499,102.32183450728006,162.3793689249322,177.4226800286143,76.58665148032654,141.9083489337707,167.88696990971908,93.36760855455205,20.70605652744336,222
120.80360572330582,173.57808545377804,71.1756030298906,49.267954620822735,102.17735755722006,155.0903516819709,177.97929478357312,75.40291163551038,142.09348573467267,169.18752894026787,92.35205559619692,25.27297427849654,223
127.5977666597976,173.15294117800687,76.36225162804642,48.533411028480295,105.3850799434563,151.62337810819875,177.17275309369262,72.75043385128677,145.95488010583827,169.1827353502695,96.21142520017281,26.133411872290488,224
121.54864344314895,170.25813651586142,72.42755883301487,48.77161087024322,106.46012692186837,156.497808600764,175.49070659967387,69.19728809564707,142.76061534725355,168.69900036724863,101.05426778768245,23.882901057834033,225
116.14501968093134,165.25172420258215,68.23238209086729,53.30868833144056,108.85060711484516,156.90002318682568,176.70665563551574,67.31415285218488,141.17415736291179,168.53931472837527,100.0950995139992,21.701587658107716,226
113.76007454924287,155.14881882405663,66.66598288565827,65.2547297659007,108.88872990997245,157.49823240306048,171.06579860724372,68.58230335281354,143.815735308948,164.8741498411495,99.46636995864364,25.76484573555435,227
107.25662111764322,133.39824415597806,57.08031468011486,56.279822627559504,109.92507985040623,176.71605281093989,164.5687532547497,67.03008102174338,143.27694848171868,164.85177415663614,99.15137997229651,24.845805186354784,228
104.70572540959844,114.71338210859145,55.3851651005672,63.509220603208455,110.34507519477191,165.73122857739835,153.7677289464463,70.04258911703916,141.21226648440125,162.97997903345785,95.64431783037656,25.533902956154254,229
122.94217772788225,125.64978266260839,53.595925053961246,69.9113405007787,124.83003793040844,174.43061170585665,138.37430762982245,77.40631758416673,131.77824022914226,167.69954242942214,96.69916024122436,12.715700163487906,230
126.26544299994735,131.48118765390524,47.38812756625993,51.54895211072697,132.37883064864164,174.95997104877466,133.2911254496085,77.96225592187561,134.17240591218666,171.35961738001504,99.71463549514688,9.98084148959928,231
133.71696283853134,131.0158594319482,42.930693659604785,52.67438501557636,143.62946740218362,172.18739803729142,124.6420150319206,78.9492411233266,130.54727812165532,172.58163848465946,99.20284298927012,13.982644563243896,232
129.11028831477222,89.03215031539999,45.39770255000233,47.149260732113184,129.1597292861117,153.5882721358609,110.0561778823535,78.1829006358293,117.51079801148256,175.4284416574318,85.61713953003903,42.84916536181354,233
130.56269265223187,77.50162238900381,55.18755310939565,53.97649934292106,118.29265708074942,141.4711762405667,109.29689846190827,75.31489521128867,129.05561617971972,169.71139752938262,84.18000940762207,52.47810990668317,234
139.75139451821616,97.60327803484746,63.0015365516789,65.67731546518023,112.99086575456417,141.78600358954392,98.73041485676015,73.0645593050058,120.94118032138509,163.19009436364232,86.83348491989916,50.98354201533042,235
140.47289233751235,109.8329248193164,60.873542526715354,76.49605117700335,112.25887484233738,144.81074565218466,96.02040863076539,69.71417812969877,117.62670630998392,166.10429905564874,87.1134305661126,56.426836536368825,236
133.32830346119343,117.48658774568953,56.93265775950365,74.90669475551974,108.02066746670165,150.23599102618994,92.3384106447297,66.94633691256466,115.96071146710514,164.61333437638697,83.10333535524144,56.20159598205391,237
129.42158721496338,120.49991025137123,53.93182712802236,75.44695881807556,106.12994640449166,150.7157747418572,90.52670740745717,63.66806947663122,118.07664745741799,164.8731988233618,85.28148339808007,59.119260787554424,238
134.4031393600414,117.46126614856759,58.02417549703939,81.47827282229835,105.63283847921267,146.7187558239914,91.73172078613811,63.855861521811526,126.75476391676403,166.16255126319356,86.6488585546821,64.04868556839561,239
130.5840682968523,112.91391137821385,59.02867251080345,78.26815994481542,103.40327566739654,143.99485454952256,86.38239560891418,63.5473128954578,130.64165919638174,166.89498334727472,95.30395694060469,60.94347595083914,240
120.03372773256086,116.04682052335481,52.19090734493571,63.700293834717854,104.38163235272654,149.41834379054615,90.01730447771054,62.10502217986468,134.85297787951623,164.1784466360104,97.2639898231354,50.937573095602936,241
118.98636063561794,120.24632081729358,53.22572394842984,57.43086594412528,113.30030685993378,148.19785796447826,96.35824470184653,69.94119712352308,125.25151349345975,163.1092661807375,98.19327298950886,37.39276037292463,242
114.20588723280396,134.9531464053925,59.93913747467786,56.1183887704688,126.77182885480133,164.12885776644615,100.99219556574239,76.34064077736281,115.38599040820282,165.78091789761086,104.67496121254624,31.401867667607853,243
91.0572298307074,145.65802429075606,56.02694303666443,54.201745740699394,117.04585384844906,173.35203678540452,114.22825622705821,84.93789705495278,118.66464481243246,155.3745591187185,106.627020013151,27.531620132163816,244
88.76265232124531,136.2257504337918,62.4383445732501,51.716882276519435,120.0974684959689,172.2030712025237,123.9923519269469,85.36740810614724,114.22791191813717,159.4173934870521,99.7814110119895,28.16372968855034,245
90.52171377694508,145.76062297399798,53.86845682298403,53.604310138124085,120.37490147052402,178.005842742626,129.64670103116956,87.08598148058825,113.0145814171498,165.25088449688704,98.66768135869808,29.90661932331598,246
92.35610213652947,140.94523351838473,63.89082697261737,63.48151189199619,121.94906809122594,170.53834289535135,145.80503959144755,91.71757199299122,127.20041189313648,162.18600287123675,98.8104130941101,25.45963025993394,247
106.20505638854765,153.45030193028524,51.52351844695331,55.37989200112293,132.31307420747194,170.6202791836987,159.41947722050145,93.60405366005055,132.42454437906,162.69808455318523,96.86928964087906,16.983059995606506,248
116.12955723643407,162.58962848397164,66.45280335338227,62.15324298591237,124.12066068431186,169.67340316442306,164.58842366219324,87.33346246390158,131.07867732349825,166.07032211365058,94.30121051813109,16.275324558179133,249
127.02200126001277,171.1397893331807,76.60540181954865,61.35544123361683,115.62808705006377,156.79871299167976,158.63399543957536,94.00020304349823,124.72120971416135,165.00880884995252,96.44790651346987,17.298684963285414,250
136.11370801710996,171.996791301526,79.14099170574286,57.363583232100545,114.52774411426824,152.23829265703634,160.86884461379773,89.12456183411102,129.72755852098578,163.6866685126656,97.64366066364781,22.75725246171493,251
142.34267384817943,173.95639511117588,84.70771085996229,53.948297604170925,112.67140522460706,144.39999189646383,174.39967412372692,83.77269749085151,145.41698076451664,162.71434419082007,95.71824085492719,25.08503279540739,252
143.72528549249688,171.0356912665234,84.2487573344277,52.29210660369032,118.87071174431745,143.13804098501464,175.1897614143901,81.09377348973537,140.33401357616177,164.81816704682683,94.8660545813383,26.757980729248924,253
135.8539887878525,165.73797056047607,79.11433898173843,51.63590354658876,119.5350420608698,143.4975209152208,170.73178551024415,73.83694351262876,143.25784702061645,171.28138117508638,95.63779818391886,31.681275352293813,254
122.8202931668456,160.86850901761994,78.18352570063546,58.3263747358835,114.16616351323448,142.86869098985545,166.33914591418844,72.21072809618026,139.6506131128489,165.3740412780725,94.60993996884373,38.20457723622481,255
117.1345780500701,142.3703429043892,75.9502164111811,75.30892715138123,113.47153704633692,152.25655712277268,155.8665285744806,74.80582480466617,131.7292223738939,167.63101351209284,93.37523563690536,36.65445838843306,256
116.9074689528007,130.9744086411319,66.62269154267392,84.65176992068847,121.96539887466604,155.64457815892027,141.63009697203034,77.0221326344032,122.5555908170102,168.93372358361654,97.08300575882856,32.90406535060944,257
120.42039281530806,127.73976434162877,64.13240115782203,72.65828063702904,123.06428470285891,145.899918535405,130.03074629665406,77.72402627632711,119.90396659890176,171.52813367687295,98.69762316779115,30.422431118337915,258
119.47251200850992,116.7547368928708,58.67164602210143,79.50967810397063,125.70148607466798,153.5058905618038,117.98241228583247,79.52306489579742,120.8046080219917,171.6038138269866,98.0267260890159,25.702223422536157,259
118.623422578077,106.37123573743871,54.18892278288737,67.9088412608183,127.48449729697387,167.13105499357277,110.74244910484802,85.15345393540142,122.23552213129328,167.11442392200996,97.87572419293966,22.40186954015415,260
127.46791120888992,117.78370802481287,47.234209435199155,55.15879993741328,141.2074431391197,165.95149592215753,104.527119395596,85.05067725053381,126.24452829162804,161.83920194098408,97.81864279823189,19.68425570758057,261
134.49271211211797,119.62399456713898,47.83122051638781,57.756475368427324,140.9807091790273,160.0895620883836,102.50249086504108,79.6870691480619,129.50884276063329,159.46861849485913,97.90221476020595,24.174041666804985,262
120.9473047894249,98.49361818647323,44.4122167011973,47.327283615941575,121.06987760759385,156.79246725426847,98.17715422801739,70.9322902405003,120.93363744862351,161.7119838195419,90.86089299786691,48.61572161997634,263
125.39432516287131,85.62315392306502,56.94821815887854,55.819080076993224,105.5675004297628,136.88610978193324,96.61605840901215,68.71907611641754,128.56396190521573,162.73477714906616,88.7758061654015,50.399635824068845,264
128.7323481378451,106.38934225769854,53.733767570500554,62.53999634961119,109.74575467275119,143.34467789965117,86.76996694774147,62.618554924014575,117.29857570083723,168.23069043637733,88.38568668336045,46.60198168445835,265
129.87341892225456,119.71606510249228,51.32530755111808,67.61650886248874,112.12886481396019,149.60947119277162,84.43598395444803,66.05101143962933,113.43810283884733,168.8591481967325,86.79244022945083,45.92356522485146,266
129.81315681419392,128.27456908653127,50.55714162670542,74.11024452415255,113.52328997885584,153.7467883306913,83.20443806481158,71.2007691128142,108.96637729063038,169.45734978460868,79.90477369824245,48.78087410811293,267
128.75071653584737,126.83191181400804,46.8466026134697,73.01411839208767,114.37100695873359,152.21880406711017,86.72249689461134,72.1649136522544,116.71392196551086,168.43686989063954,82.2352232162615,49.549441657429476,268
129.53855550621125,123.93350180176708,47.4630954296232,70.37950784978706,110.71851190115585,152.79569958709865,83.20846888361531,75.6047018417625,129.1872660769485,160.1000425437049,90.97097982488464,47.67685939994302,269
127.22672386699368,122.80518131741185,49.05636289666009,65.96851280387675,110.2223565282357,153.46602727923838,89.89070297159547,75.71969215003224,118.96034969315292,159.2690859051988,98.8009113830811,43.12938082181233,270
124.05094150323377,121.20317029184844,49.149934130433124,61.421503084618365,117.38347395098816,152.7554476022476,97.21750725884418,76.1148092366718,117.50768542006843,166.54522141288618,101.15792952681171,40.57689323414161,271
124.9458551099304,139.3287850539077,53.920599555243335,63.46949162578657,131.14185842016815,167.74604177336477,106.08499300043917,82.32807023177806,110.33317058366073,166.88072178291634,102.15938964368789,32.328718382055655,272
112.09440867329725,134.12018808356356,65.52540850648772,57.406172673063786,136.99821060154397,172.11417938385063,111.74383460037032,88.41017385366077,103.24366714581146,167.44676587581944,102.10432696363763,27.91057051648374,273
103.73165412714268,143.22418982245728,52.427009100012135,53.7921857080093,135.62623460424416,174.9404167415062,124.11130892407024,92.71048447642282,105.50388262103415,168.14728525999533,102.3081670341742,23.17035429542746,274
101.5780012453195,136.9343844692814,60.109837338632886,53.64868542975518,134.47263862432155,176.0663059475381,139.29720995967332,94.15076678044211,128.09842010503058,166.51068988480523,97.85917395990819,27.183091063318997,275
104.21471744519134,143.90794862724698,57.77796994770038,54.14779015278756,132.6669182334899,174.76746968604203,139.36562529973023,99.5726055664749,111.51455845418172,169.50661624322436,95.27775869014214,27.613079289107564,276
106.67866006295112,153.86827676507372,50.49887579278942,52.16279947383256,138.68782258850712,166.4421028599026,151.4973716174455,102.35104624864317,127.00571683508285,158.03711503812892,96.81747868265174,20.975060639692447,277
110.61455544394045,157.05179035336116,50.252515014338414,50.92103765978804,134.69681086638585,163.24293318299377,162.00049895585582,103.3481708947827,138.8427983180202,154.2646850598457,94.50538708088605,20.53252900401708,278
118.74894076444426,161.81377889501522,63.085360105288565,58.13964836702918,131.17845738701544,163.67736161439765,158.71369394281948,99.59508517501979,131.98768450147938,161.61921435033122,94.43046647166432,20.02364647799002,279
135.30844912712564,169.89758054811296,81.65017328414456,69.5638199913782,129.46691562063856,153.46573476474504,158.24692426776323,85.98478820379857,136.00789960345838,169.08517945483754,86.51804477791038,43.965115473680044,280
140.1521062591626,168.03775318850424,80.84793915023842,65.52230004832542,126.41068400676095,150.9787264998684,158.01401333875492,82.13555950589222,135.72958412845253,171.37683117183343,89.0837116687091,45.54860198662614,281
149.17245621195684,166.35673885558455,88.94750056896302,74.31596970128916,129.40478917989955,156.06948702945868,158.2676532168431,77.07647716376722,137.76407777971193,170.18047568433295,88.18714730642849,57.027849048443045,282
146.2692018288109,163.58840046976934,92.89566603261602,69.68576120436573,124.05712308957571,151.1083667447318,155.61052753229137,74.42976543298238,136.71423086939294,170.56256796440485,88.83872799256956,57.64968588603525,283
136.85673400850044,147.380506660272,84.158067483776,66.38221485699862,123.0137894433764,157.9751309334776,158.14618262691067,70.5496388703504,133.02413513406842,171.52753812494993,85.98033655960332,57.67490704591796,284
91.73554106614793,131.9935637931417,64.57863589588547,83.920754042393,113.32834866225038,156.75770831438894,153.80860103968422,65.20284374628105,127.91842893514246,175.88415893871604,86.0481760157663,57.450424125511695,285
119.73242704186593,148.98060840299763,60.115364253086575,74.80837622098213,128.61335465950825,135.27059144430908,133.28807700060938,94.89144420494857,103.66884109001822,170.41650108221046,90.69115747129415,32.91030320375613,286
128.6486047956934,137.91610165746306,60.98805473189034,81.00033137561935,141.14381879122257,144.44708380604837,125.32515369501095,108.50451235116321,101.36096029077095,168.8188572568746,92.9334125885908,18.37203216315367,287
126.04977811549377,125.43127323078487,58.7601162465918,80.54153501866648,136.37375089914673,155.86289921844548,111.87946539551994,106.5799145270929,97.4669730975562,167.1557361982072,96.28548868554455,18.249300797774474,288
134.4692941062106,112.84403751136435,54.89679150587791,74.40934010911091,142.77382521077925,164.59093408087566,116.9795490990013,105.87452520291401,116.94483416109954,162.9842605710878,97.13506118963657,10.202458681191866,289
134.20446659594091,112.08880506758993,53.67821172971384,72.68568172818291,138.60960062781507,162.44573058993797,114.87009140990119,103.8717140488397,115.9710354517567,164.43510796249748,94.33574027164036,7.091888089649833,290
130.23157522157967,116.68650387984586,49.16976696345558,57.28348875902084,140.72538920746194,157.94109036873613,115.16078507963151,98.76225299234176,135.15722737865596,156.68594821639482,94.04936090187455,14.000332224851322,291
124.73060052738778,109.02068249356734,56.46264275409949,53.595248708608786,127.23618042982014,158.0265531710571,106.32591793713924,89.75542321655475,132.09090719954355,162.8512593906873,92.36170119346671,52.111427976536824,292
127.69567664500485,99.71331366446827,44.271140799918136,49.89020475980651,133.13448583844462,158.71379504440185,109.93318545929762,85.72859830845697,129.6869727505925,166.29347418013776,97.92169879473325,43.37951033454919,293
134.86100125715717,101.02682189263483,45.94499439691256,54.610212859856475,132.10621251128907,149.41700079541496,107.05193312703038,91.64438202180516,129.46956881658613,168.72529426681575,97.167019297327,40.09606019511376,294
141.07448311901754,106.70135270980937,47.01591622542541,60.87907875049312,133.74829880587686,143.88007899460735,105.17702607376768,90.84967141465141,134.81667053092153,169.66401112088346,98.93125151500597,40.131331691139124,295
141.26910761104298,117.15724618965253,45.66181983378003,68.37341320833977,131.80364136599937,143.02925032008892,101.5476506585887,93.11508551757926,130.39551897580273,172.64823872341157,98.17746980840676,32.36866534004886,296
143.307305286797,115.27328324417593,47.74315984915031,66.97198284539424,128.92420161257206,141.66474065601253,111.95099490328641,96.81204167334916,144.78945697657372,171.84300529450223,102.2453352065368,35.37254380007676,297
133.80911468463032,112.6620039405551,48.634167188353864,62.51266772737104,117.10040855304312,141.06503142033858,112.8825653690952,98.7632344107289,149.54469444939127,170.67578830860833,105.79369734700461,35.968786529190695,298
127.24125255073761,112.33925792802656,47.147175688146184,61.49868429212602,116.23400578603041,141.0864851236735,100.35534415345178,103.36408060064682,154.6713557256844,169.6891244670262,102.6374729206103,30.269834074549706,299
129.96836857337584,120.36285925141313,47.19445629966771,57.01136702483227,129.07443348964537,146.63513386344695,89.11423265913449,100.06412748184545,121.3908626327334,164.7040832346888,98.1187110460042,29.416700496142195,300
119.64768706154959,130.90213986065305,57.6496385306376,64.14358107256238,132.85985694414944,161.5696309710017,100.49231547958546,104.98384182456567,108.87241555042466,160.82082122889167,97.45937290983679,30.555958794364038,301
99.38692504310055,144.11359842514213,62.182304675262294,56.446377725725576,123.77959912744353,158.99299866820476,105.55718401777033,100.35342751038947,90.51177099819607,163.741910784008,95.5351463288424,29.719315109028248,302
101.69343978622547,137.78454668269444,55.55728499537455,52.426377151793474,134.33168598474415,166.262527546846,112.57106950013002,102.19202683634818,93.47848171967746,165.35139147678012,96.90051622492244,27.604871682792727,303
93.13905068401945,132.948244530887,65.73748811976512,49.25526896100799,131.37874896378287,163.4792783186165,133.80938022140498,111.61492545889028,108.55822560716159,156.05113495381485,93.00083259236371,35.48558122829378,304
95.12446695558906,137.54667276381255,52.426404099463994,55.56581364784265,132.8999969379279,169.39593164192652,146.63731824893836,115.97747751378687,121.39571219907913,152.86693673768596,94.04668989069454,41.26324557513058,305
93.42056941543835,143.89455548533977,51.47381916343417,57.459059158004344,135.30996192561503,157.94226858309034,155.09451874462195,109.92568538025935,134.3810823199836,163.77283382338692,87.39421095105165,45.08496106632576,306
104.8468609891519,144.87766390377703,60.640252914560484,63.97766758224594,134.9326436007703,165.71701128484926,149.9489107292253,113.3301839944282,129.62123138064115,172.24302518835813,82.59925716797588,45.155860515576634,307
120.76536677842228,148.90103293866486,70.75114197743696,69.08864425445168,132.14118556614852,165.88773303269613,137.87604127227004,121.00548702197241,116.7587049516268,177.71503820209514,80.80934753825638,43.88641672862652,308
137.4250128902819,156.61412221585013,83.75086379105461,73.97949572644073,131.3702115942496,162.84676828112907,132.98049867454066,115.23727409201459,112.92489002079427,166.88697189282473,77.34958149495573,41.058414367504,309
147.3272309008812,156.92023098063106,83.93454744407767,69.470725099262,132.36502889141633,158.57631690519102,133.82633530095256,107.88171856943492,116.5050181691874,169.70422220347552,82.12763273808149,38.87235562514066,310
147.79717011892868,154.2378759064937,80.28107784376085,62.515615948915645,131.85687782757097,155.68971610787722,169.00719555337497,89.34259010516395,150.8918146692231,164.86879935839167,81.07897531971537,54.84517984284884,311
143.07934884199287,162.5930886902189,70.25996345798511,60.589863845168445,135.35291119578213,147.97858406353058,164.3727937619992,87.95570674724165,142.08793352614336,136.28313943943314,91.82972429517373,47.85942844118055,312
139.25785923450186,153.67331967575558,76.51641270869978,67.85392609873257,134.1459548441514,152.59437245146313,138.13656560066127,99.97241686797345,110.64806674818705,155.57302511538342,86.85356114343809,31.646965595539672,313
134.48633882022455,109.56297894942016,73.40149944283347,68.64270746587671,115.5644412518893,132.39365639184382,155.6397579416135,95.54397149246175,127.68446647088962,165.72761597493493,95.17140546259118,28.027520652385977,314
96.58344356908526,121.0121830546567,63.16735033085685,75.24472987008248,120.01285924516193,153.3978111807678,140.68168891624546,100.81067858051387,133.3953663404982,168.79395098976278,95.63967632163491,23.863122550529432,315
116.36277821601313,95.81318616958107,64.37222383890503,89.2242333225615,127.00499262677711,161.79009131879104,125.69313692782988,100.48107040042535,138.14981569032565,171.08726908654734,95.70554097776102,27.531061600983374,316
120.72642565999703,108.2669102678106,62.60798364965635,86.40035278415402,132.61072429257655,170.6757062668251,110.07372716182637,105.22031768851568,129.40412332677852,169.34719525318042,89.38751016269215,32.072550510126696,317
126.77412358506031,102.31187679507042,62.31058500454056,83.0418437403572,141.59631653822967,145.60936880413698,107.41424434501921,106.5668122662435,134.85781549825415,150.4314175404318,84.71694767584779,52.49287790352382,318
133.81979858412018,99.33144593700395,64.87033970810722,81.59038761948791,146.99689670216955,143.95193304354638,102.46251141579971,88.22005831645556,135.40341048967184,128.2353557033511,75.55419103103742,58.86004817936457,319
128.84340735114722,121.08750981082491,53.851467711097676,64.1846030031319,154.86264851138193,139.9586950054852,103.94440376128698,85.3622849602813,129.68348459576768,163.33764196007144,79.98544622634788,52.933301174379494,320
128.08799362757549,129.9777190819216,52.51389568250974,54.2436727805705,151.12754472887292,152.65186599686325,109.5052954050302,93.3270971164605,131.09909321700238,167.3360625494799,74.9937158637292,49.474580842071155,321
123.51375148469546,105.77949067993318,48.982331843854865,58.09947645837978,142.1926471494946,167.13579728229544,106.4532498137366,91.4576001104762,129.0779825174602,170.88446831192974,76.55415378354098,53.26915552101557,322
133.54284689801185,115.83321930031975,48.142706605914114,67.85056074081339,141.67283307554317,161.08988746885072,96.33363135519265,101.57325841502222,110.8320248838056,171.79558252326692,75.02973607226798,46.10366317373256,323
138.6507950032313,122.95596882885104,47.283813429298924,70.33802986246663,137.39376653171243,158.32959952578994,98.73627326982273,102.0273847097113,118.52487736206382,168.8721712273334,84.17648446221122,45.33385694387461,324
133.57345987336544,144.34387017708886,45.05384700820675,67.59846292528972,128.2406180293126,156.30700022816555,101.53688157101314,101.71812958041845,124.85745049691018,166.18818749725324,90.60276085019625,43.06980785814566,325
127.92581225988869,142.04200072448953,44.2703841030114,58.593605449502846,131.40217392900306,155.9439870694805,109.49143367273355,102.36035843925063,137.99241505102972,167.8700851104871,96.72256610613947,45.14446685717608,326
129.8999076326871,142.16192161604366,43.81913730712478,63.62166003506475,125.07005042314626,155.96149839202437,103.72441393006872,101.6819662459716,122.67795835266624,167.9433822132193,94.33451030760807,38.818924702144926,327
125.14647455222145,155.94536232771557,39.842555684729916,59.11490411907119,124.07336278054684,152.84415512326296,104.39024557824061,100.78518154972595,123.15150815362018,169.61329150895784,98.6661024473249,40.11837192321687,328
128.60158369540295,160.41770804932608,44.526045338453336,56.757785918240295,121.49627239118577,159.05988348444237,106.36946914271367,101.0743856532561,117.85272433119549,165.77386188377625,102.55925297184749,37.25019667915251,329
125.73742613785976,160.51468292101157,50.93890404044671,53.82812615702921,122.22447558016798,169.54332223372282,109.32801561728623,101.99523813755691,109.81904466132741,163.2764885151023,107.27919723493528,31.587249748705723,330
111.78231700094373,153.99223399994167,70.49645711018634,56.087473556782236,120.57284997204992,169.7280854438677,111.2723653009333,97.09468473843728,110.19703748021058,168.75697443577556,101.45871665588867,29.97666990941015,331
98.73527898096177,129.5740779197374,69.68070004139648,56.48405217488148,119.24817224938333,173.5120787227059,124.53978312164028,110.78640293130245,109.73364176320187,160.90693716849717,90.52794807555591,32.50639347646781,332
94.85442945404004,122.95536271642887,63.689902812684025,54.04007222133052,121.8229567671923,168.09800289414136,131.10705980432942,114.73534769733736,110.68894199105769,161.73376137673122,90.4861666290721,32.373811316526385,333
102.84483076691382,131.10914229415891,63.825219495508165,53.88815443055978,135.77438714702822,164.00797809857616,131.64963219057384,116.27476754076748,116.92683769863707,156.77717046009974,96.53924730644567,40.93683478492994,334
110.11702044367635,139.6329470589361,55.93807850194107,62.994351213687324,149.62141220328905,157.84917106470635,150.59616192816077,110.17072830077977,136.49891749005448,165.9757116223962,89.59805235683591,50.52804611576816,335
108.7712328140984,150.85656440359062,53.468280725374,65.23613168607673,147.23616714979073,144.42597463756803,162.80169695639205,104.06756161585822,148.4194691813585,166.50090269151252,88.01850715159365,56.851177015669386,336
119.62522663943402,150.7899477120461,61.946944185218044,70.25977545561449,140.04332571503573,154.3533197617403,153.49197528628363,103.44999586290972,131.808690561192,164.1155080293028,83.19752588693423,52.84984089035408,337
128.14660702428912,155.92236935623063,67.74016405529991,70.50625986964613,140.621984554434,147.15692828995364,157.21155272876211,103.47528365834611,141.70710588558478,158.13596822504311,84.40967321675606,59.42047949266099,338
141.04447890539132,162.40339941482395,73.61126647992626,70.58935772886657,144.6779580157802,139.16478017608583,158.56987877865222,104.16375045609419,146.9923417298511,158.7704590490971,84.36098721836505,63.52057716210914,339
152.3272444253211,166.19637081433441,79.45162717582939,81.82620710985017,144.02809550040482,153.20508223734836,154.07838880577143,90.50973356014046,135.60660416159064,162.80481174443494,78.31444551528632,69.5570005265546,340
153.27841484799362,166.08643506112662,78.09662599338982,83.0405692662562,144.22677041042948,155.11213610465873,152.66331794947865,85.08242470237275,133.35510266463518,161.5552608519063,80.60902370973423,70.86641013478624,341
150.9347845425016,159.59923867860465,76.69713542534197,80.8470005195507,143.93812405863477,152.08767079702307,151.49412141190132,84.59896534558676,130.7124143655814,163.58108786611425,79.88402292608511,68.3062894509948,342
146.55595002981462,153.76418873037417,73.89819335862707,85.99534783838524,142.76331223883236,148.72077628034364,145.28325750697857,92.3186727674141,124.35463256820994,172.47976069798736,82.97777873183148,47.200281559932385,343
